2026/08/08 15:33:41.639, Tesla P100-PCIE-16GB, 35, 0, 16384, 0, 25.43
2026/08/08 15:34:11.671, Tesla P100-PCIE-16GB, 35, 0, 16384, 0, 25.19
2026/08/08 15:34:41.699, Tesla P100-PCIE-16GB, 34, 0, 16384, 0, 25.17
2026/08/08 15:35:11.726, Tesla P100-PCIE-16GB, 34, 0, 16384, 0, 25.14
2026/08/08 15:35:41.755, Tesla P100-PCIE-16GB, 34, 0, 16384, 0, 25.17
2026/08/08 15:36:11.785, Tesla P100-PCIE-16GB, 34, 0, 16384, 0, 25.17
2026/08/08 15:36:41.854, Tesla P100-PCIE-16GB, 34, 0, 16384, 0, 25.14
2026/08/08 15:37:11.885, Tesla P100-PCIE-16GB, 35, 321, 16384, 0, 30.82
2026/08/08 15:37:41.912, Tesla P100-PCIE-16GB, 51, 4097, 16384, 99, 171.68
2026/08/08 15:38:11.939, Tesla P100-PCIE-16GB, 55, 4097, 16384, 99, 174.43
2026/08/08 15:38:41.969, Tesla P100-PCIE-16GB, 57, 4097, 16384, 99, 196.79
2026/08/08 15:39:11.995, Tesla P100-PCIE-16GB, 57, 4097, 16384, 99, 183.30
2026/08/08 15:39:42.027, Tesla P100-PCIE-16GB, 58, 4097, 16384, 99, 187.60
2026/08/08 15:40:12.061, Tesla P100-PCIE-16GB, 56, 4097, 16384, 99, 198.86
2026/08/08 15:40:42.094, Tesla P100-PCIE-16GB, 55, 4095, 16384, 98, 193.12
2026/08/08 15:41:12.121, Tesla P100-PCIE-16GB, 57, 4095, 16384, 99, 186.65
2026/08/08 15:41:42.150, Tesla P100-PCIE-16GB, 58, 4095, 16384, 99, 179.75
2026/08/08 15:42:12.176, Tesla P100-PCIE-16GB, 58, 4095, 16384, 98, 190.90
2026/08/08 15:42:42.204, Tesla P100-PCIE-16GB, 58, 4095, 16384, 99, 202.41
2026/08/08 15:43:12.232, Tesla P100-PCIE-16GB, 58, 4095, 16384, 99, 202.74
2026/08/08 15:43:42.261, Tesla P100-PCIE-16GB, 58, 4097, 16384, 99, 189.31
2026/08/08 15:44:12.288, Tesla P100-PCIE-16GB, 58, 4097, 16384, 98, 195.60
2026/08/08 15:44:42.317, Tesla P100-PCIE-16GB, 58, 4097, 16384, 98, 185.07
2026/08/08 15:45:12.346, Tesla P100-PCIE-16GB, 58, 4097, 16384, 98, 186.31
2026/08/08 15:45:42.373, Tesla P100-PCIE-16GB, 58, 4097, 16384, 99, 179.91
2026/08/08 15:46:12.400, Tesla P100-PCIE-16GB, 58, 4097, 16384, 99, 183.09
2026/08/08 15:46:42.427, Tesla P100-PCIE-16GB, 58, 4097, 16384, 99, 185.73
2026/08/08 15:47:12.455, Tesla P100-PCIE-16GB, 56, 4097, 16384, 99, 202.65
2026/08/08 15:47:42.483, Tesla P100-PCIE-16GB, 58, 4097, 16384, 99, 202.03
2026/08/08 15:48:12.511, Tesla P100-PCIE-16GB, 57, 4097, 16384, 99, 188.56
2026/08/08 15:48:42.538, Tesla P100-PCIE-16GB, 57, 4097, 16384, 99, 183.09
2026/08/08 15:49:12.567, Tesla P100-PCIE-16GB, 57, 4097, 16384, 99, 196.26
2026/08/08 15:49:42.597, Tesla P100-PCIE-16GB, 57, 4097, 16384, 99, 197.28
2026/08/08 15:50:12.629, Tesla P100-PCIE-16GB, 58, 4097, 16384, 99, 195.56
2026/08/08 15:50:42.661, Tesla P100-PCIE-16GB, 58, 4097, 16384, 99, 187.46
2026/08/08 15:51:12.695, Tesla P100-PCIE-16GB, 58, 4097, 16384, 99, 180.53
2026/08/08 15:51:42.722, Tesla P100-PCIE-16GB, 58, 4097, 16384, 99, 176.38
2026/08/08 15:52:12.750, Tesla P100-PCIE-16GB, 58, 4097, 16384, 99, 179.55
2026/08/08 15:52:42.777, Tesla P100-PCIE-16GB, 58, 4097, 16384, 97, 172.46
2026/08/08 15:53:12.804, Tesla P100-PCIE-16GB, 58, 4097, 16384, 99, 174.46
2026/08/08 15:53:42.831, Tesla P100-PCIE-16GB, 58, 4097, 16384, 99, 174.79
2026/08/08 15:54:12.858, Tesla P100-PCIE-16GB, 58, 4097, 16384, 99, 174.30
2026/08/08 15:54:42.886, Tesla P100-PCIE-16GB, 58, 4097, 16384, 97, 176.64
2026/08/08 15:55:12.914, Tesla P100-PCIE-16GB, 58, 4097, 16384, 99, 180.62
2026/08/08 15:55:42.942, Tesla P100-PCIE-16GB, 58, 4097, 16384, 98, 175.41
2026/08/08 15:56:12.969, Tesla P100-PCIE-16GB, 58, 4097, 16384, 99, 177.71
2026/08/08 15:56:42.997, Tesla P100-PCIE-16GB, 58, 4097, 16384, 96, 175.45
2026/08/08 15:57:13.024, Tesla P100-PCIE-16GB, 58, 4097, 16384, 99, 171.42
2026/08/08 15:57:43.052, Tesla P100-PCIE-16GB, 58, 4097, 16384, 99, 174.68
2026/08/08 15:58:13.079, Tesla P100-PCIE-16GB, 58, 4097, 16384, 99, 172.79
2026/08/08 15:58:43.106, Tesla P100-PCIE-16GB, 58, 4097, 16384, 96, 176.49
2026/08/08 15:59:13.134, Tesla P100-PCIE-16GB, 58, 4097, 16384, 99, 179.10
2026/08/08 15:59:43.161, Tesla P100-PCIE-16GB, 57, 4097, 16384, 98, 183.59
2026/08/08 16:00:13.189, Tesla P100-PCIE-16GB, 58, 4097, 16384, 98, 173.48
2026/08/08 16:00:43.216, Tesla P100-PCIE-16GB, 56, 4097, 16384, 96, 175.16
2026/08/08 16:01:13.245, Tesla P100-PCIE-16GB, 57, 4097, 16384, 99, 176.87
2026/08/08 16:01:43.273, Tesla P100-PCIE-16GB, 57, 4097, 16384, 99, 178.44
2026/08/08 16:02:13.301, Tesla P100-PCIE-16GB, 57, 4097, 16384, 99, 178.55
2026/08/08 16:02:43.328, Tesla P100-PCIE-16GB, 57, 4097, 16384, 97, 173.44
2026/08/08 16:03:13.356, Tesla P100-PCIE-16GB, 58, 4097, 16384, 99, 177.23
2026/08/08 16:03:43.386, Tesla P100-PCIE-16GB, 58, 4097, 16384, 99, 174.39
2026/08/08 16:04:13.414, Tesla P100-PCIE-16GB, 58, 4097, 16384, 98, 177.10
2026/08/08 16:04:43.442, Tesla P100-PCIE-16GB, 58, 4097, 16384, 99, 173.22
2026/08/08 16:05:13.470, Tesla P100-PCIE-16GB, 58, 4097, 16384, 98, 196.37
2026/08/08 16:05:43.498, Tesla P100-PCIE-16GB, 58, 4097, 16384, 99, 186.54
2026/08/08 16:06:13.527, Tesla P100-PCIE-16GB, 58, 4097, 16384, 99, 193.78
2026/08/08 16:06:43.558, Tesla P100-PCIE-16GB, 58, 4097, 16384, 99, 195.30
2026/08/08 16:07:13.587, Tesla P100-PCIE-16GB, 58, 4097, 16384, 99, 185.55
2026/08/08 16:07:43.615, Tesla P100-PCIE-16GB, 58, 4097, 16384, 99, 186.66
2026/08/08 16:08:13.642, Tesla P100-PCIE-16GB, 58, 4097, 16384, 97, 179.55
2026/08/08 16:08:43.668, Tesla P100-PCIE-16GB, 58, 4097, 16384, 99, 176.54
2026/08/08 16:09:13.695, Tesla P100-PCIE-16GB, 58, 4097, 16384, 99, 181.49
2026/08/08 16:09:43.722, Tesla P100-PCIE-16GB, 58, 4097, 16384, 99, 181.50
2026/08/08 16:10:13.753, Tesla P100-PCIE-16GB, 58, 4097, 16384, 99, 177.06
2026/08/08 16:10:43.780, Tesla P100-PCIE-16GB, 58, 4097, 16384, 99, 176.47
2026/08/08 16:11:13.810, Tesla P100-PCIE-16GB, 58, 4097, 16384, 99, 175.46
2026/08/08 16:11:43.838, Tesla P100-PCIE-16GB, 58, 4097, 16384, 99, 179.75
2026/08/08 16:12:13.867, Tesla P100-PCIE-16GB, 56, 4097, 16384, 97, 180.16
2026/08/08 16:12:43.895, Tesla P100-PCIE-16GB, 57, 4097, 16384, 99, 174.79
2026/08/08 16:13:13.922, Tesla P100-PCIE-16GB, 56, 4097, 16384, 99, 180.74
2026/08/08 16:13:43.949, Tesla P100-PCIE-16GB, 57, 4097, 16384, 99, 182.32
2026/08/08 16:14:13.975, Tesla P100-PCIE-16GB, 57, 4097, 16384, 99, 179.55
2026/08/08 16:14:44.004, Tesla P100-PCIE-16GB, 57, 4097, 16384, 99, 174.43
2026/08/08 16:15:14.031, Tesla P100-PCIE-16GB, 58, 4097, 16384, 98, 178.32
2026/08/08 16:15:44.058, Tesla P100-PCIE-16GB, 58, 4097, 16384, 99, 180.52
2026/08/08 16:16:14.089, Tesla P100-PCIE-16GB, 58, 4097, 16384, 96, 180.23
2026/08/08 16:16:44.116, Tesla P100-PCIE-16GB, 58, 4097, 16384, 99, 177.68
2026/08/08 16:17:14.143, Tesla P100-PCIE-16GB, 58, 4097, 16384, 99, 181.88
2026/08/08 16:17:44.172, Tesla P100-PCIE-16GB, 58, 4097, 16384, 98, 176.13
2026/08/08 16:18:14.199, Tesla P100-PCIE-16GB, 58, 4097, 16384, 96, 176.71
2026/08/08 16:18:44.226, Tesla P100-PCIE-16GB, 58, 4097, 16384, 99, 176.01
2026/08/08 16:19:14.253, Tesla P100-PCIE-16GB, 58, 4097, 16384, 99, 173.20
2026/08/08 16:19:44.280, Tesla P100-PCIE-16GB, 58, 4097, 16384, 99, 173.49
2026/08/08 16:20:14.308, Tesla P100-PCIE-16GB, 58, 4097, 16384, 99, 173.68
2026/08/08 16:20:44.335, Tesla P100-PCIE-16GB, 58, 4097, 16384, 99, 169.73
2026/08/08 16:21:14.363, Tesla P100-PCIE-16GB, 58, 4097, 16384, 99, 165.02
2026/08/08 16:21:44.392, Tesla P100-PCIE-16GB, 58, 4097, 16384, 98, 122.32
2026/08/08 16:22:14.420, Tesla P100-PCIE-16GB, 58, 4097, 16384, 99, 203.32
2026/08/08 16:22:44.450, Tesla P100-PCIE-16GB, 58, 4097, 16384, 99, 178.73
2026/08/08 16:23:14.477, Tesla P100-PCIE-16GB, 58, 4097, 16384, 99, 180.16
2026/08/08 16:23:44.508, Tesla P100-PCIE-16GB, 58, 4097, 16384, 97, 188.60
2026/08/08 16:24:14.536, Tesla P100-PCIE-16GB, 58, 4097, 16384, 99, 181.14
2026/08/08 16:24:44.564, Tesla P100-PCIE-16GB, 57, 4097, 16384, 99, 196.57
2026/08/08 16:25:14.593, Tesla P100-PCIE-16GB, 58, 4097, 16384, 98, 187.85
2026/08/08 16:25:44.624, Tesla P100-PCIE-16GB, 57, 4097, 16384, 99, 127.72
2026/08/08 16:26:14.652, Tesla P100-PCIE-16GB, 57, 4097, 16384, 98, 171.72
2026/08/08 16:26:44.682, Tesla P100-PCIE-16GB, 57, 4097, 16384, 99, 175.74
2026/08/08 16:27:14.710, Tesla P100-PCIE-16GB, 57, 4097, 16384, 99, 177.22
2026/08/08 16:27:44.739, Tesla P100-PCIE-16GB, 58, 4097, 16384, 99, 178.09
2026/08/08 16:28:14.768, Tesla P100-PCIE-16GB, 58, 4097, 16384, 99, 174.89
2026/08/08 16:28:44.797, Tesla P100-PCIE-16GB, 58, 4097, 16384, 99, 178.29
2026/08/08 16:29:14.824, Tesla P100-PCIE-16GB, 58, 4097, 16384, 99, 174.51
2026/08/08 16:29:44.853, Tesla P100-PCIE-16GB, 58, 4097, 16384, 99, 177.94
2026/08/08 16:30:14.880, Tesla P100-PCIE-16GB, 58, 4097, 16384, 99, 170.66
2026/08/08 16:30:44.909, Tesla P100-PCIE-16GB, 58, 4097, 16384, 99, 181.21
2026/08/08 16:31:14.937, Tesla P100-PCIE-16GB, 58, 4097, 16384, 99, 188.34
2026/08/08 16:31:44.967, Tesla P100-PCIE-16GB, 57, 4097, 16384, 99, 175.28
2026/08/08 16:32:14.994, Tesla P100-PCIE-16GB, 58, 4097, 16384, 99, 200.75
2026/08/08 16:32:45.021, Tesla P100-PCIE-16GB, 59, 4097, 16384, 99, 208.80
2026/08/08 16:33:15.047, Tesla P100-PCIE-16GB, 58, 4097, 16384, 99, 191.40
2026/08/08 16:33:45.074, Tesla P100-PCIE-16GB, 58, 4097, 16384, 99, 179.35
2026/08/08 16:34:15.102, Tesla P100-PCIE-16GB, 59, 4097, 16384, 99, 193.76
2026/08/08 16:34:45.132, Tesla P100-PCIE-16GB, 58, 4097, 16384, 99, 177.03
2026/08/08 16:35:15.161, Tesla P100-PCIE-16GB, 58, 4097, 16384, 99, 178.79
2026/08/08 16:35:45.188, Tesla P100-PCIE-16GB, 58, 4097, 16384, 99, 176.54
2026/08/08 16:36:15.215, Tesla P100-PCIE-16GB, 58, 4097, 16384, 99, 175.28
2026/08/08 16:36:45.244, Tesla P100-PCIE-16GB, 58, 4097, 16384, 99, 174.73
2026/08/08 16:37:15.273, Tesla P100-PCIE-16GB, 57, 4097, 16384, 99, 174.41
2026/08/08 16:37:45.300, Tesla P100-PCIE-16GB, 59, 4097, 16384, 99, 179.16
2026/08/08 16:38:15.328, Tesla P100-PCIE-16GB, 57, 4097, 16384, 99, 189.41
2026/08/08 16:38:45.357, Tesla P100-PCIE-16GB, 57, 4097, 16384, 97, 188.14
2026/08/08 16:39:15.384, Tesla P100-PCIE-16GB, 57, 4097, 16384, 99, 179.19
2026/08/08 16:39:45.414, Tesla P100-PCIE-16GB, 58, 4097, 16384, 99, 185.93
2026/08/08 16:40:15.441, Tesla P100-PCIE-16GB, 58, 4097, 16384, 98, 185.16
2026/08/08 16:40:45.472, Tesla P100-PCIE-16GB, 58, 4097, 16384, 99, 193.66
2026/08/08 16:41:15.500, Tesla P100-PCIE-16GB, 58, 4097, 16384, 99, 192.07
2026/08/08 16:41:45.531, Tesla P100-PCIE-16GB, 58, 4097, 16384, 99, 165.95
2026/08/08 16:42:15.559, Tesla P100-PCIE-16GB, 58, 4097, 16384, 99, 171.10
2026/08/08 16:42:45.590, Tesla P100-PCIE-16GB, 58, 4097, 16384, 97, 180.44
2026/08/08 16:43:15.618, Tesla P100-PCIE-16GB, 58, 4097, 16384, 98, 179.00
2026/08/08 16:43:45.646, Tesla P100-PCIE-16GB, 58, 4097, 16384, 98, 174.68
2026/08/08 16:44:15.676, Tesla P100-PCIE-16GB, 58, 4097, 16384, 99, 179.18
2026/08/08 16:44:45.704, Tesla P100-PCIE-16GB, 58, 4097, 16384, 96, 185.44
2026/08/08 16:45:15.732, Tesla P100-PCIE-16GB, 58, 4097, 16384, 99, 183.70
2026/08/08 16:45:45.762, Tesla P100-PCIE-16GB, 58, 4097, 16384, 99, 192.24
2026/08/08 16:46:15.789, Tesla P100-PCIE-16GB, 58, 4097, 16384, 99, 173.34
2026/08/08 16:46:45.820, Tesla P100-PCIE-16GB, 58, 4097, 16384, 99, 177.62
2026/08/08 16:47:15.847, Tesla P100-PCIE-16GB, 58, 4097, 16384, 99, 175.41
2026/08/08 16:47:45.876, Tesla P100-PCIE-16GB, 59, 4097, 16384, 99, 173.57
2026/08/08 16:48:15.903, Tesla P100-PCIE-16GB, 59, 4097, 16384, 99, 178.94
2026/08/08 16:48:45.931, Tesla P100-PCIE-16GB, 58, 4097, 16384, 96, 179.01
2026/08/08 16:49:15.958, Tesla P100-PCIE-16GB, 58, 4097, 16384, 99, 178.45
2026/08/08 16:49:45.986, Tesla P100-PCIE-16GB, 57, 4097, 16384, 99, 197.07
2026/08/08 16:50:16.014, Tesla P100-PCIE-16GB, 58, 4097, 16384, 99, 172.92
2026/08/08 16:50:46.041, Tesla P100-PCIE-16GB, 57, 4097, 16384, 98, 174.36
2026/08/08 16:51:16.068, Tesla P100-PCIE-16GB, 57, 4097, 16384, 99, 175.64
2026/08/08 16:51:46.096, Tesla P100-PCIE-16GB, 57, 4097, 16384, 98, 192.86
2026/08/08 16:52:16.124, Tesla P100-PCIE-16GB, 57, 4097, 16384, 96, 192.87
2026/08/08 16:52:46.151, Tesla P100-PCIE-16GB, 58, 4097, 16384, 99, 184.85
2026/08/08 16:53:16.178, Tesla P100-PCIE-16GB, 58, 4097, 16384, 99, 176.40
2026/08/08 16:53:46.204, Tesla P100-PCIE-16GB, 58, 4097, 16384, 99, 176.64
2026/08/08 16:54:16.231, Tesla P100-PCIE-16GB, 58, 4097, 16384, 96, 174.92
2026/08/08 16:54:46.259, Tesla P100-PCIE-16GB, 58, 4097, 16384, 99, 180.96
2026/08/08 16:55:16.286, Tesla P100-PCIE-16GB, 58, 4097, 16384, 99, 187.98
2026/08/08 16:55:46.315, Tesla P100-PCIE-16GB, 58, 4097, 16384, 99, 195.14
2026/08/08 16:56:16.342, Tesla P100-PCIE-16GB, 58, 4097, 16384, 99, 120.85
2026/08/08 16:56:46.369, Tesla P100-PCIE-16GB, 58, 4097, 16384, 99, 175.34
2026/08/08 16:57:16.396, Tesla P100-PCIE-16GB, 59, 4097, 16384, 99, 176.15
2026/08/08 16:57:46.423, Tesla P100-PCIE-16GB, 58, 4097, 16384, 99, 182.77
2026/08/08 16:58:16.450, Tesla P100-PCIE-16GB, 58, 4097, 16384, 99, 192.15
2026/08/08 16:58:46.477, Tesla P100-PCIE-16GB, 58, 4097, 16384, 99, 187.79
2026/08/08 16:59:16.504, Tesla P100-PCIE-16GB, 58, 4097, 16384, 99, 186.90
2026/08/08 16:59:46.531, Tesla P100-PCIE-16GB, 58, 4097, 16384, 93, 176.04
2026/08/08 17:00:16.559, Tesla P100-PCIE-16GB, 58, 4097, 16384, 99, 176.43
2026/08/08 17:00:46.587, Tesla P100-PCIE-16GB, 58, 4097, 16384, 99, 178.82
2026/08/08 17:01:16.615, Tesla P100-PCIE-16GB, 58, 4097, 16384, 99, 194.78
2026/08/08 17:01:46.643, Tesla P100-PCIE-16GB, 58, 4097, 16384, 99, 138.01
2026/08/08 17:02:16.670, Tesla P100-PCIE-16GB, 57, 4097, 16384, 99, 177.74
2026/08/08 17:02:46.699, Tesla P100-PCIE-16GB, 57, 4097, 16384, 96, 190.38
2026/08/08 17:03:16.726, Tesla P100-PCIE-16GB, 57, 4097, 16384, 99, 191.93
2026/08/08 17:03:46.757, Tesla P100-PCIE-16GB, 57, 4097, 16384, 99, 181.30
2026/08/08 17:04:16.784, Tesla P100-PCIE-16GB, 57, 4097, 16384, 99, 181.03
2026/08/08 17:04:46.812, Tesla P100-PCIE-16GB, 58, 4097, 16384, 99, 177.25
2026/08/08 17:05:16.839, Tesla P100-PCIE-16GB, 58, 4097, 16384, 99, 201.79
2026/08/08 17:05:46.867, Tesla P100-PCIE-16GB, 58, 4097, 16384, 99, 192.82
2026/08/08 17:06:16.894, Tesla P100-PCIE-16GB, 58, 4097, 16384, 96, 170.92
2026/08/08 17:06:46.921, Tesla P100-PCIE-16GB, 58, 4097, 16384, 99, 179.79
2026/08/08 17:07:16.948, Tesla P100-PCIE-16GB, 58, 4097, 16384, 99, 174.77
2026/08/08 17:07:46.975, Tesla P100-PCIE-16GB, 58, 4097, 16384, 99, 181.26
2026/08/08 17:08:17.003, Tesla P100-PCIE-16GB, 58, 4097, 16384, 96, 196.93
2026/08/08 17:08:47.030, Tesla P100-PCIE-16GB, 58, 4097, 16384, 99, 193.79
2026/08/08 17:09:17.058, Tesla P100-PCIE-16GB, 58, 4097, 16384, 99, 175.65
2026/08/08 17:09:47.084, Tesla P100-PCIE-16GB, 58, 4097, 16384, 99, 172.95
2026/08/08 17:10:17.111, Tesla P100-PCIE-16GB, 58, 4097, 16384, 99, 175.74
2026/08/08 17:10:47.139, Tesla P100-PCIE-16GB, 58, 4097, 16384, 99, 182.44
2026/08/08 17:11:17.166, Tesla P100-PCIE-16GB, 58, 4097, 16384, 99, 198.13
2026/08/08 17:11:47.193, Tesla P100-PCIE-16GB, 58, 4097, 16384, 96, 178.84
2026/08/08 17:12:17.220, Tesla P100-PCIE-16GB, 58, 4097, 16384, 99, 174.20
2026/08/08 17:12:47.246, Tesla P100-PCIE-16GB, 58, 4097, 16384, 99, 177.36
2026/08/08 17:13:17.273, Tesla P100-PCIE-16GB, 58, 4097, 16384, 99, 178.07
2026/08/08 17:13:47.301, Tesla P100-PCIE-16GB, 58, 4097, 16384, 99, 202.76
2026/08/08 17:14:17.331, Tesla P100-PCIE-16GB, 58, 4097, 16384, 98, 185.20
2026/08/08 17:14:47.358, Tesla P100-PCIE-16GB, 57, 4097, 16384, 98, 177.36
2026/08/08 17:15:17.385, Tesla P100-PCIE-16GB, 58, 4097, 16384, 99, 178.34
2026/08/08 17:15:47.414, Tesla P100-PCIE-16GB, 58, 4097, 16384, 99, 197.04
2026/08/08 17:16:17.443, Tesla P100-PCIE-16GB, 57, 4097, 16384, 99, 193.97
2026/08/08 17:16:47.470, Tesla P100-PCIE-16GB, 58, 4097, 16384, 99, 202.03
2026/08/08 17:17:17.498, Tesla P100-PCIE-16GB, 58, 4097, 16384, 99, 175.92
2026/08/08 17:17:47.527, Tesla P100-PCIE-16GB, 58, 4097, 16384, 99, 177.62
2026/08/08 17:18:17.554, Tesla P100-PCIE-16GB, 58, 4097, 16384, 99, 179.07
2026/08/08 17:18:47.580, Tesla P100-PCIE-16GB, 58, 4097, 16384, 99, 186.67
2026/08/08 17:19:17.608, Tesla P100-PCIE-16GB, 58, 4097, 16384, 99, 194.88
2026/08/08 17:19:47.635, Tesla P100-PCIE-16GB, 58, 4097, 16384, 99, 169.53
2026/08/08 17:20:17.663, Tesla P100-PCIE-16GB, 58, 4097, 16384, 97, 173.51
2026/08/08 17:20:47.690, Tesla P100-PCIE-16GB, 58, 4097, 16384, 99, 176.40
2026/08/08 17:21:17.717, Tesla P100-PCIE-16GB, 58, 4097, 16384, 99, 179.40
2026/08/08 17:21:47.749, Tesla P100-PCIE-16GB, 58, 4097, 16384, 99, 199.54
2026/08/08 17:22:17.778, Tesla P100-PCIE-16GB, 58, 4097, 16384, 99, 187.60
2026/08/08 17:22:47.804, Tesla P100-PCIE-16GB, 58, 4097, 16384, 99, 171.99
2026/08/08 17:23:17.832, Tesla P100-PCIE-16GB, 58, 4097, 16384, 98, 178.34
2026/08/08 17:23:47.859, Tesla P100-PCIE-16GB, 58, 4097, 16384, 99, 175.39
2026/08/08 17:24:17.887, Tesla P100-PCIE-16GB, 58, 4097, 16384, 99, 182.32
2026/08/08 17:24:47.914, Tesla P100-PCIE-16GB, 58, 4097, 16384, 99, 196.59
2026/08/08 17:25:17.941, Tesla P100-PCIE-16GB, 58, 4097, 16384, 99, 183.18
2026/08/08 17:25:47.969, Tesla P100-PCIE-16GB, 58, 4097, 16384, 96, 180.33
2026/08/08 17:26:17.995, Tesla P100-PCIE-16GB, 58, 4097, 16384, 99, 173.51
2026/08/08 17:26:48.022, Tesla P100-PCIE-16GB, 58, 4097, 16384, 99, 175.32
2026/08/08 17:27:18.051, Tesla P100-PCIE-16GB, 57, 4097, 16384, 99, 202.00
2026/08/08 17:27:48.078, Tesla P100-PCIE-16GB, 58, 4097, 16384, 98, 126.99
2026/08/08 17:28:18.107, Tesla P100-PCIE-16GB, 57, 4097, 16384, 99, 178.57
2026/08/08 17:28:48.134, Tesla P100-PCIE-16GB, 57, 4097, 16384, 99, 177.63
2026/08/08 17:29:18.163, Tesla P100-PCIE-16GB, 58, 4097, 16384, 96, 196.92
2026/08/08 17:29:48.190, Tesla P100-PCIE-16GB, 58, 4097, 16384, 99, 184.82
2026/08/08 17:30:18.220, Tesla P100-PCIE-16GB, 58, 4097, 16384, 99, 195.16
2026/08/08 17:30:48.248, Tesla P100-PCIE-16GB, 58, 4097, 16384, 99, 166.11
2026/08/08 17:31:18.276, Tesla P100-PCIE-16GB, 58, 4097, 16384, 99, 174.86
2026/08/08 17:31:48.304, Tesla P100-PCIE-16GB, 58, 4097, 16384, 99, 176.73
2026/08/08 17:32:18.331, Tesla P100-PCIE-16GB, 58, 4097, 16384, 99, 174.83
2026/08/08 17:32:48.358, Tesla P100-PCIE-16GB, 58, 4097, 16384, 98, 178.57
2026/08/08 17:33:18.385, Tesla P100-PCIE-16GB, 58, 4097, 16384, 99, 188.38
2026/08/08 17:33:48.415, Tesla P100-PCIE-16GB, 58, 4097, 16384, 99, 183.94
2026/08/08 17:34:18.442, Tesla P100-PCIE-16GB, 58, 4097, 16384, 99, 191.17
2026/08/08 17:34:48.474, Tesla P100-PCIE-16GB, 58, 4097, 16384, 99, 186.81
2026/08/08 17:35:18.501, Tesla P100-PCIE-16GB, 58, 4097, 16384, 99, 173.17
2026/08/08 17:35:48.527, Tesla P100-PCIE-16GB, 58, 4097, 16384, 99, 178.75
2026/08/08 17:36:18.554, Tesla P100-PCIE-16GB, 58, 4097, 16384, 97, 179.68
2026/08/08 17:36:48.582, Tesla P100-PCIE-16GB, 58, 4097, 16384, 99, 178.97
2026/08/08 17:37:18.613, Tesla P100-PCIE-16GB, 58, 4097, 16384, 99, 198.88
2026/08/08 17:37:48.642, Tesla P100-PCIE-16GB, 59, 4097, 16384, 99, 185.89
2026/08/08 17:38:18.670, Tesla P100-PCIE-16GB, 58, 4097, 16384, 97, 186.05
2026/08/08 17:38:48.697, Tesla P100-PCIE-16GB, 58, 4097, 16384, 99, 194.16
2026/08/08 17:39:18.725, Tesla P100-PCIE-16GB, 58, 4097, 16384, 99, 165.11
2026/08/08 17:39:48.753, Tesla P100-PCIE-16GB, 57, 4097, 16384, 99, 177.36
2026/08/08 17:40:18.780, Tesla P100-PCIE-16GB, 58, 4097, 16384, 99, 182.57
2026/08/08 17:40:48.807, Tesla P100-PCIE-16GB, 58, 4097, 16384, 99, 186.99
2026/08/08 17:41:18.833, Tesla P100-PCIE-16GB, 57, 4097, 16384, 99, 194.09
2026/08/08 17:41:48.860, Tesla P100-PCIE-16GB, 57, 4097, 16384, 99, 181.02
2026/08/08 17:42:18.887, Tesla P100-PCIE-16GB, 58, 4097, 16384, 99, 174.46
2026/08/08 17:42:48.914, Tesla P100-PCIE-16GB, 58, 4097, 16384, 99, 175.74
2026/08/08 17:43:18.943, Tesla P100-PCIE-16GB, 58, 4097, 16384, 99, 173.23
2026/08/08 17:43:48.969, Tesla P100-PCIE-16GB, 58, 4097, 16384, 97, 178.81
2026/08/08 17:44:18.996, Tesla P100-PCIE-16GB, 58, 4097, 16384, 99, 176.99
2026/08/08 17:44:49.025, Tesla P100-PCIE-16GB, 58, 4097, 16384, 99, 179.07
2026/08/08 17:45:19.052, Tesla P100-PCIE-16GB, 58, 4097, 16384, 99, 173.46
2026/08/08 17:45:49.079, Tesla P100-PCIE-16GB, 58, 4097, 16384, 98, 179.63
2026/08/08 17:46:19.109, Tesla P100-PCIE-16GB, 58, 4097, 16384, 99, 193.01
2026/08/08 17:46:49.137, Tesla P100-PCIE-16GB, 58, 4097, 16384, 99, 187.65
2026/08/08 17:47:19.165, Tesla P100-PCIE-16GB, 58, 4097, 16384, 99, 196.40
2026/08/08 17:47:49.192, Tesla P100-PCIE-16GB, 58, 4097, 16384, 99, 190.83
2026/08/08 17:48:19.219, Tesla P100-PCIE-16GB, 58, 4097, 16384, 99, 163.80
2026/08/08 17:48:49.247, Tesla P100-PCIE-16GB, 58, 4097, 16384, 97, 176.88
2026/08/08 17:49:19.275, Tesla P100-PCIE-16GB, 58, 4097, 16384, 99, 177.06
2026/08/08 17:49:49.305, Tesla P100-PCIE-16GB, 58, 4097, 16384, 99, 176.83
2026/08/08 17:50:19.332, Tesla P100-PCIE-16GB, 58, 4097, 16384, 99, 178.50
2026/08/08 17:50:49.361, Tesla P100-PCIE-16GB, 58, 4097, 16384, 96, 179.77
2026/08/08 17:51:19.388, Tesla P100-PCIE-16GB, 58, 4097, 16384, 99, 175.05
2026/08/08 17:51:49.415, Tesla P100-PCIE-16GB, 58, 4097, 16384, 99, 178.45
2026/08/08 17:52:19.445, Tesla P100-PCIE-16GB, 58, 4097, 16384, 99, 203.55
2026/08/08 17:52:49.474, Tesla P100-PCIE-16GB, 58, 4097, 16384, 98, 191.65
2026/08/08 17:53:19.502, Tesla P100-PCIE-16GB, 58, 4097, 16384, 99, 189.14
2026/08/08 17:53:49.530, Tesla P100-PCIE-16GB, 58, 4097, 16384, 99, 175.45
2026/08/08 17:54:19.557, Tesla P100-PCIE-16GB, 58, 4097, 16384, 98, 175.92
2026/08/08 17:54:49.585, Tesla P100-PCIE-16GB, 58, 4097, 16384, 99, 177.72
2026/08/08 17:55:19.612, Tesla P100-PCIE-16GB, 58, 4097, 16384, 99, 179.29
2026/08/08 17:55:49.640, Tesla P100-PCIE-16GB, 58, 4097, 16384, 98, 181.46
2026/08/08 17:56:19.668, Tesla P100-PCIE-16GB, 58, 4097, 16384, 99, 175.85
2026/08/08 17:56:49.695, Tesla P100-PCIE-16GB, 58, 4097, 16384, 99, 176.86
2026/08/08 17:57:19.723, Tesla P100-PCIE-16GB, 59, 4097, 16384, 99, 179.42
2026/08/08 17:57:49.752, Tesla P100-PCIE-16GB, 58, 4097, 16384, 99, 177.99
2026/08/08 17:58:19.779, Tesla P100-PCIE-16GB, 58, 4097, 16384, 99, 182.97
2026/08/08 17:58:49.806, Tesla P100-PCIE-16GB, 58, 4097, 16384, 99, 178.10
2026/08/08 17:59:19.833, Tesla P100-PCIE-16GB, 53, 4097, 16384, 7, 39.74
